trait	#chrom	pos	alt	ref	beta	se	pval
C3_BREAST_EXALLC	1	10506158	G	A	-0.072570692834835		5.00E-20
C3_BREAST_EXALLC	1	18480845	T	C	0.029558802241545		1.60E-15
C3_BREAST_EXALLC	1	40914768	C	T	-0.030459207484709		9.10E-09
C3_BREAST_EXALLC	1	41671640	G	T	-0.162518929497775		3.50E-08
C3_BREAST_EXALLC	1	46135245	A	G	-0.030459207484709		3.00E-08
C3_BREAST_EXALLC	1	50380360	D9	I	-0.061875403718088		3.90E-08
C3_BREAST_EXALLC	1	87691240	A	G	0.058268908123976		1.70E-08
C3_BREAST_EXALLC	1	113905767	T	C	0.086177696241053		4.60E-11
C3_BREAST_EXALLC	1	117687599	C	T	0.058268908123976		1.70E-10
C3_BREAST_EXALLC	1	121538815	G	A	0.095310179804325		1.80E-52
C3_BREAST_EXALLC	1	145790097	T	C	-0.051293294387551		6.30E-10
C3_BREAST_EXALLC	1	149955122	C	A	0.039220713153281		8.60E-14
C3_BREAST_EXALLC	1	155176305	A	G	0.067658648473815		4.80E-11
C3_BREAST_EXALLC	1	201468704	T	C	0.076961041136128		3.80E-13
C3_BREAST_EXALLC	1	202218048	A	G	-0.061875403718088		3.00E-01
C3_BREAST_EXALLC	1	203797203	G	A	0.029558802241545		1.30E-05
C3_BREAST_EXALLC	1	204549714	C	A	0.029558802241545		1.30E-04
C3_BREAST_EXALLC	1	217047232	A	G	-0.051293294387551		3.90E-09
C3_BREAST_EXALLC	1	241870961	G	A	0.131028262406404		1.70E-14
C3_BREAST_EXALLC	2	9995553	G	C	0.076961041136128		3.90E-10
C3_BREAST_EXALLC	2	19121042	T	C	0.086177696241053		1.30E-08
C3_BREAST_EXALLC	2	24906604	G	A	-0.051293294387551		2.90E-12
C3_BREAST_EXALLC	2	28897867	T	C	-0.02020270731752		4.30E-01
C3_BREAST_EXALLC	2	111168154	C	CTTATGTT	0.058268908123976		3.70E-08
C3_BREAST_EXALLC	2	120487546	T	C	-0.083381608939051		6.90E-20
C3_BREAST_EXALLC	2	172108243	A	G	-0.02020270731752		6.20E-12
C3_BREAST_EXALLC	2	173348166	G	A	-0.061875403718088		5.40E-10
C3_BREAST_EXALLC	2	201316524	C	T	0.104360015324243		1.90E-16
C3_BREAST_EXALLC	2	217056046	T	G	-0.139262067333508		1.10E-95
C3_BREAST_EXALLC	2	217098337	A	C	-0.301105092783922		3.20E-41
C3_BREAST_EXALLC	2	217431785	T	C	0.086177696241053		1.80E-25
C3_BREAST_EXALLC	2	226362236	G	A	-0.061875403718088		2.40E-08
C3_BREAST_EXALLC	3	4700592	G	A	0.029558802241545		4.00E-18
C3_BREAST_EXALLC	3	27374522	T	C	0.104360015324243		4.80E-57
C3_BREAST_EXALLC	3	30641447	C	G	0.029558802241545		6.90E-14
C3_BREAST_EXALLC	3	46825376	A	G	-0.083381608939051		5.50E-15
C3_BREAST_EXALLC	3	63982224	G	A	0.058268908123976		5.30E-11
C3_BREAST_EXALLC	3	71482962	C	T	-0.040821994520255		4.60E-08
C3_BREAST_EXALLC	3	86988393	G	A	-0.094310679471241		1.00E-09
C3_BREAST_EXALLC	3	100004736	T	G	0.058268908123976		5.20E-10
C3_BREAST_EXALLC	3	141394017	C	CTT	0.039220713153281		3.20E-15
C3_BREAST_EXALLC	3	172567447	A	G	0.048790164169432		1.90E-10
C3_BREAST_EXALLC	4	38814717	C	A	0.048790164169432		6.10E-13
C3_BREAST_EXALLC	4	83448971	TAA	TA	0.01980262729618		2.20E-09
C3_BREAST_EXALLC	4	88322666	T	C	0.067658648473815		1.60E-09
C3_BREAST_EXALLC	4	105163621	T	C	0.086177696241053		5.00E-11
C3_BREAST_EXALLC	4	125922349	T	G	-0.094310679471241		1.40E-09
C3_BREAST_EXALLC	4	174925275	A	C	-0.105360515657826		1.80E-25
C3_BREAST_EXALLC	5	344994	C	T	0.131028262406404		3.80E-09
C3_BREAST_EXALLC	5	1279675	T	C	0.067658648473815		7.80E-17
C3_BREAST_EXALLC	5	1296140	AG	A	-0.051293294387551		1.10E-20
C3_BREAST_EXALLC	5	16187419	T	G	-0.072570692834835		5.40E-07
C3_BREAST_EXALLC	5	32567626	T	C	0.058268908123976		1.20E-08
C3_BREAST_EXALLC	5	44706396	G	A	0.113328685307003		5.60E-73
C3_BREAST_EXALLC	5	50345811	C	T	-0.072570692834835		7.20E-10
C3_BREAST_EXALLC	5	50899259	AT	A	-0.040821994520255		1.30E-11
C3_BREAST_EXALLC	5	56757896	T	A	0.165514438477573		6.80E-98
C3_BREAST_EXALLC	5	58888234	C	T	0.039220713153281		9.60E-09
C3_BREAST_EXALLC	5	59041654	G	T	-0.083381608939051		4.10E-09
C3_BREAST_EXALLC	5	82242227	T	A	-0.051293294387551		1.70E-12
C3_BREAST_EXALLC	5	91436408	T	C	-0.051293294387551		4.50E-11
C3_BREAST_EXALLC	5	111882089	G	T	-0.061875403718088		3.70E-09
C3_BREAST_EXALLC	5	133071366	T	C	-0.030459207484709		7.70E-09
C3_BREAST_EXALLC	5	158817075	C	T	0.067658648473815		6.60E-31
C3_BREAST_EXALLC	5	170164483	T	G	0.039220713153281		4.70E-10
C3_BREAST_EXALLC	6	1318643	C	T	-0.051293294387551		1.00E-04
C3_BREAST_EXALLC	6	10456473	A	C	0		8.00E-01
C3_BREAST_EXALLC	6	13722291	G	A	0.058268908123976		7.90E-13
C3_BREAST_EXALLC	6	16399326	T	C	-0.072570692834835		1.70E-08
C3_BREAST_EXALLC	6	20621007	T	C	0.048790164169432		3.00E-10
C3_BREAST_EXALLC	6	26680470	A	G	-0.083381608939051		3.90E-10
C3_BREAST_EXALLC	6	28958443	C	G	0.048790164169432		6.90E-08
C3_BREAST_EXALLC	6	80384570	G	A	-0.051293294387551		1.50E-09
C3_BREAST_EXALLC	6	81418669	C	T	0.086177696241053		1.30E-09
C3_BREAST_EXALLC	6	130027974	C	T	-0.094310679471241		3.00E-12
C3_BREAST_EXALLC	6	149287738	A	G	0.009950330853168		3.50E-06
C3_BREAST_EXALLC	6	151621059	G	T	0.131028262406404		3.30E-41
C3_BREAST_EXALLC	6	151631197	A	G	0.27763173659828		4.80E-54
C3_BREAST_EXALLC	6	152115881	T	C	-0.083381608939051		1.30E-26
C3_BREAST_EXALLC	7	21901342	G	A	-0.030459207484709		1.90E-08
C3_BREAST_EXALLC	7	28317270	C	T	0.104360015324243		4.30E-09
C3_BREAST_EXALLC	7	92001306	T	G	0.039220713153281		9.00E-11
C3_BREAST_EXALLC	7	94484487	C	T	0.067658648473815		4.50E-13
C3_BREAST_EXALLC	7	101909160	A	G	-0.040821994520255		5.10E-12
C3_BREAST_EXALLC	7	130982362	T	C	-0.083381608939051		1.80E-11
C3_BREAST_EXALLC	7	140242504	A	G	0.039220713153281		1.00E-16
C3_BREAST_EXALLC	7	144377836	A	G	-0.040821994520255		1.20E-11
C3_BREAST_EXALLC	8	29652100	A	C	0.058268908123976		1.60E-21
C3_BREAST_EXALLC	8	37000965	G	A	-0.094310679471241		1.40E-20
C3_BREAST_EXALLC	8	75318066	G	T	-0.083381608939051		4.40E-21
C3_BREAST_EXALLC	8	75505702	G	A	0.182321556793955		4.00E-24
C3_BREAST_EXALLC	8	101466731	A	T	0.058268908123976		5.60E-09
C3_BREAST_EXALLC	8	105346392	T	A	-0.061875403718088		7.50E-11
C3_BREAST_EXALLC	8	116197325	A	G	0.076961041136128		1.60E-11
C3_BREAST_EXALLC	8	123597926	A	G	0.076961041136128		5.50E-13
C3_BREAST_EXALLC	8	127343372	G	A	0.113328685307003		1.90E-57
C3_BREAST_EXALLC	8	128182395	T	C	0.086177696241053		1.10E-13
C3_BREAST_EXALLC	9	22062135	T	G	0.113328685307003		1.00E-15
C3_BREAST_EXALLC	9	107543834	A	C	0.076961041136128		2.20E-18
C3_BREAST_EXALLC	9	108074792	G	A	0.139761942375159		5.00E-18
C3_BREAST_EXALLC	9	108074895	T	C	0.048790164169432		6.50E-17
C3_BREAST_EXALLC	9	108133073	C	T	-0.094310679471241		3.50E-53
C3_BREAST_EXALLC	9	116551207	G	A	-0.030459207484709		1.10E-14
C3_BREAST_EXALLC	9	126634155	G	A	0.076961041136128		9.10E-09
C3_BREAST_EXALLC	9	133276163	D10	I	0.048790164169432		1.40E-08
C3_BREAST_EXALLC	10	5844771	T	C	-0.061875403718088		1.70E-04
C3_BREAST_EXALLC	10	9046150	T	TG	0.058268908123976		1.70E-10
C3_BREAST_EXALLC	10	21744013	A	G	0.095310179804325		1.80E-19
C3_BREAST_EXALLC	10	22026914	C	A	0.300104592450338		6.10E-18
C3_BREAST_EXALLC	10	62540131	G	A	-0.150822889734584		1.60E-51
C3_BREAST_EXALLC	10	79081391	T	C	0.104360015324243		1.70E-35
C3_BREAST_EXALLC	10	93532430	CAA	C	0.067658648473815		4.20E-08
C3_BREAST_EXALLC	10	113014168	G	A	0.076961041136128		1.50E-13
C3_BREAST_EXALLC	10	121334387	T	C	-0.051293294387551		6.50E-12
C3_BREAST_EXALLC	10	121580797	C	T	0.207014169384326		1.30E-245
C3_BREAST_EXALLC	10	121580917	GC	G	0.262364264467491		0
C3_BREAST_EXALLC	10	121589810	T	A	-0.186329578191493		7.30E-37
C3_BREAST_EXALLC	11	803017	A	G	-0.040821994520255		1.40E-12
C3_BREAST_EXALLC	11	1887776	C	T	0.067658648473815		9.90E-19
C3_BREAST_EXALLC	11	65815595	T	G	-0.072570692834835		2.30E-12
C3_BREAST_EXALLC	11	69516874	G	C	0.19062035960865		5.80E-47
C3_BREAST_EXALLC	11	69564393	A	C	0.27763173659828		4.10E-95
C3_BREAST_EXALLC	11	129591276	T	C	-0.072570692834835		2.10E-14
C3_BREAST_EXALLC	12	14260997	C	G	0.095310179804325		3.60E-15
C3_BREAST_EXALLC	12	28021884	T	C	-0.139262067333508		3.00E-60
C3_BREAST_EXALLC	12	84615658	C	T	-0.040821994520255		2.70E-08
C3_BREAST_EXALLC	12	95633983	G	A	-0.083381608939051		1.00E-39
C3_BREAST_EXALLC	12	115398717	G	A	-0.083381608939051		4.40E-39
C3_BREAST_EXALLC	12	120394343	T	C	0.039220713153281		3.80E-08
C3_BREAST_EXALLC	13	32398489	T	A	0.470003629245736		3.10E-15
C3_BREAST_EXALLC	13	73383544	A	G	-0.083381608939051		1.50E-09
C3_BREAST_EXALLC	14	36663564	A	G	-0.072570692834835		4.20E-21
C3_BREAST_EXALLC	14	68193711	T	C	0.039220713153281		6.30E-14
C3_BREAST_EXALLC	14	68567965	T	C	-0.139262067333508		6.50E-39
C3_BREAST_EXALLC	14	91374725	G	A	0.039220713153281		8.20E-13
C3_BREAST_EXALLC	14	92637727	C	T	-0.051293294387551		4.10E-11
C3_BREAST_EXALLC	14	104745924	CTT	C	0.058268908123976		2.30E-08
C3_BREAST_EXALLC	15	90968837	A	G	-0.040821994520255		8.07E-10
C3_BREAST_EXALLC	16	52565276	T	C	0.2390169004705		6.80E-201
C3_BREAST_EXALLC	16	53779455	G	T	-0.051293294387551		2.50E-21
C3_BREAST_EXALLC	16	53821379	A	T	0.095310179804325		8.70E-09
C3_BREAST_EXALLC	16	54648152	A	G	0.048790164169432		9.10E-15
C3_BREAST_EXALLC	16	56387075	A	G	0.048790164169432		4.00E-08
C3_BREAST_EXALLC	16	80616908	G	A	0.113328685307003		8.80E-27
C3_BREAST_EXALLC	16	87051631	A	C	-0.040821994520255		8.10E-09
C3_BREAST_EXALLC	17	30903502	G	GGT	-0.051293294387551		2.00E-09
C3_BREAST_EXALLC	17	42684371	T	C	-0.010050335853502		4.60E-09
C3_BREAST_EXALLC	17	46175102	A	G	-0.083381608939051		6.90E-13
C3_BREAST_EXALLC	17	55132413	C	A	-0.072570692834835		5.60E-29
C3_BREAST_EXALLC	17	79807926	A	G	0.048790164169432		3.90E-10
C3_BREAST_EXALLC	18	26757460	C	G	-0.105360515657826		6.70E-15
C3_BREAST_EXALLC	18	26990703	G	T	-0.061875403718088		9.90E-15
C3_BREAST_EXALLC	18	32397726	C	T	-0.150822889734584		5.50E-12
C3_BREAST_EXALLC	18	44819625	G	A	-0.072570692834835		2.20E-12
C3_BREAST_EXALLC	19	13047463	C	T	0.076961041136128		1.90E-09
C3_BREAST_EXALLC	19	13843757	A	G	-0.061875403718088		1.10E-08
C3_BREAST_EXALLC	19	17290595	G	C	0.095310179804325		1.60E-08
C3_BREAST_EXALLC	19	18460331	G	A	-0.061875403718088		4.70E-28
C3_BREAST_EXALLC	19	19434887	A	G	0.048790164169432		6.30E-12
C3_BREAST_EXALLC	19	43782361	A	G	0.048790164169432		1.40E-16
C3_BREAST_EXALLC	19	45679773	AT	A	0.039220713153281		3.50E-09
C3_BREAST_EXALLC	20	5967581	A	G	0.086177696241053		1.90E-09
C3_BREAST_EXALLC	20	34000289	T	C	0.076961041136128		3.20E-02
C3_BREAST_EXALLC	20	50329374	G	A	0.076961041136128		2.50E-10
C3_BREAST_EXALLC	21	15148511	A	G	-0.040821994520255		1.50E-20
C3_BREAST_EXALLC	22	28725099	G	A	-0.040821994520255		9.70E-09
C3_BREAST_EXALLC	22	29225488	C	T	0.2390169004705		1.20E-08
C3_BREAST_EXALLC	22	38172826	G	C	-0.061875403718088		1.00E-13
C3_BREAST_EXALLC	22	38963350	D10	I	0.113328685307003		4.90E-12
C3_BREAST_EXALLC	22	40480230	C	T	0.139761942375159		4.40E-34
C3_BREAST_EXALLC	22	41642782	T	C	0.131028262406404		2.00E-09
C3_BREAST_EXALLC	22	45887417	A	G	0.058268908123976		2.30E-08
