trait	#chrom	pos	ref	alt	beta	se	pval	study_doi
PRCA	1	10496039	G	A	0.039220713		5.90E-07	https://doi.org/10.1038/s41588-018-0142-8
PRCA	1	150685810	A	G	0.067658648		9.90E-12	https://doi.org/10.1038/s41588-018-0142-9
PRCA	1	154861706	A	G	0.048790164		9.60E-09	https://doi.org/10.1038/s41588-018-0142-10
PRCA	1	204549713	C	A	0.09531018		3.20E-24	https://doi.org/10.1038/s41588-018-0142-11
PRCA	2	9977739	C	T	0.048790164		5.20E-07	https://doi.org/10.1038/s41588-018-0142-12
PRCA	2	10570603	C	C	0.067658648		6.00E-17	https://doi.org/10.1038/s41588-018-0142-13
PRCA	2	20678393	T	C	0.076961041		3.10E-21	https://doi.org/10.1038/s41588-018-0142-14
PRCA	2	43326809	C	T	0.086177696		2.10E-18	https://doi.org/10.1038/s41588-018-0142-15
PRCA	2	62904595	G	A	0.09531018		5.00E-22	https://doi.org/10.1038/s41588-018-0142-16
PRCA	2	85567173	C	T	0.076961041		1.30E-20	https://doi.org/10.1038/s41588-018-0142-17
PRCA	2	172446824	G	A	0.2390169		2.20E-42	https://doi.org/10.1038/s41588-018-0142-18
PRCA	2	237534583	A	G	0.058268908		3.70E-11	https://doi.org/10.1038/s41588-018-0142-19
PRCA	2	241443448	C	T	0.086177696		1.20E-14	https://doi.org/10.1038/s41588-018-0142-20
PRCA	3	87061523	C	T	0.122217633		6.30E-21	https://doi.org/10.1038/s41588-018-0142-21
PRCA	3	113556776	C	A	0.086177696		4.50E-25	https://doi.org/10.1038/s41588-018-0142-22
PRCA	3	128319529	C	A	0.09531018		1.10E-29	https://doi.org/10.1038/s41588-018-0142-23
PRCA	3	141383990	G	A	0.039220713		7.40E-08	https://doi.org/10.1038/s41588-018-0142-24
PRCA	3	170412313	C	A	0.09531018		3.40E-34	https://doi.org/10.1038/s41588-018-0142-25
PRCA	4	72989535	C	T	0.058268908		4.30E-10	https://doi.org/10.1038/s41588-018-0142-26
PRCA	4	73483440	A	G	0.058268908		5.20E-15	https://doi.org/10.1038/s41588-018-0142-27
PRCA	4	94593457	C	A	0.067658648		5.10E-18	https://doi.org/10.1038/s41588-018-0142-28
PRCA	4	94641725	T	C	0.086177696		1.40E-24	https://doi.org/10.1038/s41588-018-0142-29
PRCA	4	105140376	A	C	0.122217633		1.20E-49	https://doi.org/10.1038/s41588-018-0142-30
PRCA	5	1279912	A	G	0.157003749		3.50E-52	https://doi.org/10.1038/s41588-018-0142-31
PRCA	5	44365442	A	C	0.048790164		1.40E-08	https://doi.org/10.1038/s41588-018-0142-32
PRCA	5	173512422	C	T	0.039220713		2.00E-05	https://doi.org/10.1038/s41588-018-0142-33
PRCA	6	11218796	T	C	0.048790164		9.50E-11	https://doi.org/10.1038/s41588-018-0142-34
PRCA	6	30105999	G	A	0.058268908		2.00E-08	https://doi.org/10.1038/s41588-018-0142-35
PRCA	6	31150733	T	G	0.048790164		1.60E-07	https://doi.org/10.1038/s41588-018-0142-36
PRCA	6	32224553	G	A	0.058268908		9.50E-12	https://doi.org/10.1038/s41588-018-0142-37
PRCA	6	32433162	G	C	0.058268908		1.30E-12	https://doi.org/10.1038/s41588-018-0142-38
PRCA	6	108963985	A	G	0.067658648		3.20E-10	https://doi.org/10.1038/s41588-018-0142-39
PRCA	6	153119943	G	A	0.076961041		4.00E-21	https://doi.org/10.1038/s41588-018-0142-40
PRCA	6	160412631	C	T	0.104360015		4.60E-33	https://doi.org/10.1038/s41588-018-0142-41
PRCA	7	20954871	G	A	0.09531018		9.10E-23	https://doi.org/10.1038/s41588-018-0142-42
PRCA	7	27936943	A	G	0.131028262		2.00E-45	https://doi.org/10.1038/s41588-018-0142-43
PRCA	7	47397646	G	A	0.058268908		1.30E-11	https://doi.org/10.1038/s41588-018-0142-44
PRCA	7	98187014	T	C	0.104360015		7.00E-37	https://doi.org/10.1038/s41588-018-0142-45
PRCA	8	23581461	G	A	0.048790164		1.90E-11	https://doi.org/10.1038/s41588-018-0142-46
PRCA	8	26034625	C	T	0.076961041		9.20E-13	https://doi.org/10.1038/s41588-018-0142-47
PRCA	8	126912413	A	C	0.113328685		2.60E-38	https://doi.org/10.1038/s41588-018-0142-48
PRCA	8	126999691	C	T	0.122217633		1.80E-47	https://doi.org/10.1038/s41588-018-0142-49
PRCA	8	127091872	A	G	1.068153081		3.70E-160	https://doi.org/10.1038/s41588-018-0142-50
PRCA	8	127112670	C	A	0.444685821		1.40E-105	https://doi.org/10.1038/s41588-018-0142-51
PRCA	8	127323427	A	G	0.139761942		4.90E-63	https://doi.org/10.1038/s41588-018-0142-52
PRCA	8	127401059	T	G	0.198850859		2.80E-141	https://doi.org/10.1038/s41588-018-0142-53
PRCA	8	127472792	C	A	0.343589704		1.20E-179	https://doi.org/10.1038/s41588-018-0142-54
PRCA	9	22041998	C	G	0.076961041		2.30E-10	https://doi.org/10.1038/s41588-018-0142-55
PRCA	9	121665093	G	T	0.029558802		3.80E-03	https://doi.org/10.1038/s41588-018-0142-56
PRCA	10	45587536	C	T	0.113328685		2.00E-14	https://doi.org/10.1038/s41588-018-0142-57
PRCA	10	46046325	C	T	0.207014169		2.30E-147	https://doi.org/10.1038/s41588-018-0142-58
PRCA	10	102654463	G	A	0.067658648		6.00E-16	https://doi.org/10.1038/s41588-018-0142-59
PRCA	10	125008302	T	C	0.058268908		2.40E-11	https://doi.org/10.1038/s41588-018-0142-60
PRCA	11	2212343	G	A	0.173953307		4.90E-68	https://doi.org/10.1038/s41588-018-0142-61
PRCA	11	69227029	T	G	0.157003749		9.70E-87	https://doi.org/10.1038/s41588-018-0142-62
PRCA	11	102530929	C	T	0.076961041		1.70E-19	https://doi.org/10.1038/s41588-018-0142-63
PRCA	11	113936458	A	G	0.067658648		3.90E-15	https://doi.org/10.1038/s41588-018-0142-64
PRCA	12	48025834	C	A	0.09531018		1.90E-11	https://doi.org/10.1038/s41588-018-0142-65
PRCA	12	49282226	T	C	0.067658648		2.30E-15	https://doi.org/10.1038/s41588-018-0142-66
PRCA	12	52880119	G	A	0.122217633		1.70E-31	https://doi.org/10.1038/s41588-018-0142-67
PRCA	12	114247765	G	A	0.067658648		1.20E-18	https://doi.org/10.1038/s41588-018-0142-68
PRCA	14	52905611	T	C	0.086177696		6.40E-16	https://doi.org/10.1038/s41588-018-0142-69
PRCA	14	68660026	T	C	0.048790164		1.60E-10	https://doi.org/10.1038/s41588-018-0142-70
PRCA	14	70625538	A	G	0.048790164		1.70E-08	https://doi.org/10.1038/s41588-018-0142-71
PRCA	17	715724	T	C	0.086177696		4.30E-24	https://doi.org/10.1038/s41588-018-0142-72
PRCA	17	37714970	A	G	0.122217633		9.00E-33	https://doi.org/10.1038/s41588-018-0142-73
PRCA	17	37738048	G	A	0.198850859		1.30E-132	https://doi.org/10.1038/s41588-018-0142-74
PRCA	17	48728343	C	T	1.348073148		9.20E-63	https://doi.org/10.1038/s41588-018-0142-75
PRCA	17	49267823	G	A	0.09531018		9.10E-12	https://doi.org/10.1038/s41588-018-0142-76
PRCA	17	71112611	T	G	0.157003749		1.10E-91	https://doi.org/10.1038/s41588-018-0142-77
PRCA	18	79013972	T	C	0.076961041		2.30E-18	https://doi.org/10.1038/s41588-018-0142-78
PRCA	19	38244972	T	C	0.086177696		8.80E-30	https://doi.org/10.1038/s41588-018-0142-79
PRCA	19	41479678	A	G	0.09531018		1.70E-23	https://doi.org/10.1038/s41588-018-0142-80
PRCA	19	50861366	A	G	0.165514438		3.30E-47	https://doi.org/10.1038/s41588-018-0142-81
PRCA	20	62440554	T	C	0.048790164		3.30E-08	https://doi.org/10.1038/s41588-018-0142-82
PRCA	20	63731210	T	T	0.076961041		3.10E-18	https://doi.org/10.1038/s41588-018-0142-83
PRCA	22	40075184	C	T	0.067658648		4.80E-12	https://doi.org/10.1038/s41588-018-0142-84
PRCA	22	43104205	T	G	0.139761942		5.50E-71	https://doi.org/10.1038/s41588-018-0142-85
PRCA	23	9846094	G	A	0.048790164		1.60E-12	https://doi.org/10.1038/s41588-018-0142-86
PRCA	23	51498819	T	C	0.104360015		9.70E-74	https://doi.org/10.1038/s41588-018-0142-87
PRCA	23	52867917	T	C	0.058268908		7.50E-16	https://doi.org/10.1038/s41588-018-0142-88
PRCA	23	67801707	C	T	0.039220713		1.40E-09	https://doi.org/10.1038/s41588-018-0142-89
PRCA	23	70919999	A	T	-0.009950331		3.10E-01	https://doi.org/10.1038/s41588-018-0142-90
PRCA	23	71188132	A	G	0.03922071		2.90E-12	https://doi.org/10.1038/s41588-018-0142-91
PRCA	1.00E+00	8.77E+07	AT	A	4.88E-02		1.70E-08	https://doi.org/10.1038/s41588-018-0142-92
PRCA	1.00E+00	1.54E+08	C	CT	6.77E-02		4.50E-14	https://doi.org/10.1038/s41588-018-0142-93
PRCA	2.00E+00	8.46E+06	T	C	4.88E-02		7.10E-09	https://doi.org/10.1038/s41588-018-0142-94
PRCA	2.00E+00	6.64E+07	T	C	1.57E-01		2.00E-09	https://doi.org/10.1038/s41588-018-0142-95
PRCA	2.00E+00	1.11E+08	T	G	6.77E-02		3.50E-12	https://doi.org/10.1038/s41588-018-0142-96
PRCA	2.00E+00	1.73E+08	C	T	4.88E-02		2.80E-08	https://doi.org/10.1038/s41588-018-0142-97
PRCA	2.00E+00	2.01E+08	T	TATTCTGTC	4.88E-02		2.40E-08	https://doi.org/10.1038/s41588-018-0142-98
PRCA	3.00E+00	1.07E+08	G	C	4.88E-02		8.80E-09	https://doi.org/10.1038/s41588-018-0142-99
PRCA	3.00E+00	1.52E+08	T	C	8.62E-02		4.10E-11	https://doi.org/10.1038/s41588-018-0142-100
PRCA	3.00E+00	1.69E+08	G	A	2.23E-01		4.70E-09	https://doi.org/10.1038/s41588-018-0142-101
PRCA	5.00E+00	1.35E+08	T	C	4.88E-02		5.40E-11	https://doi.org/10.1038/s41588-018-0142-102
PRCA	5.00E+00	1.70E+08	A	G	2.70E-01		1.70E-08	https://doi.org/10.1038/s41588-018-0142-103
PRCA	5.00E+00	1.79E+08	T	G	7.70E-02		6.70E-09	https://doi.org/10.1038/s41588-018-0142-104
PRCA	6.00E+00	3.06E+07	G	A	5.83E-02		5.60E-09	https://doi.org/10.1038/s41588-018-0142-105
PRCA	6.00E+00	3.30E+07	T	G	4.88E-02		1.30E-08	https://doi.org/10.1038/s41588-018-0142-106
PRCA	6.00E+00	3.48E+07	A	G	4.88E-02		5.30E-09	https://doi.org/10.1038/s41588-018-0142-107
PRCA	6.00E+00	4.37E+07	T	C	4.88E-02		3.40E-08	https://doi.org/10.1038/s41588-018-0142-108
PRCA	7.00E+00	1.90E+06	C	G	5.83E-02		4.90E-08	https://doi.org/10.1038/s41588-018-0142-109
PRCA	7.00E+00	2.04E+07	T	TA	4.88E-02		7.80E-09	https://doi.org/10.1038/s41588-018-0142-110
PRCA	7.00E+00	4.08E+07	A	C	6.77E-02		6.70E-14	https://doi.org/10.1038/s41588-018-0142-111
PRCA	9.00E+00	1.91E+07	C	T	5.83E-02		6.50E-14	https://doi.org/10.1038/s41588-018-0142-112
PRCA	9.00E+00	3.40E+07	T	A	4.88E-02		1.30E-08	https://doi.org/10.1038/s41588-018-0142-113
PRCA	9.00E+00	1.30E+08	A	C	5.83E-02		1.10E-09	https://doi.org/10.1038/s41588-018-0142-114
PRCA	1.00E+01	8.84E+07	C	T	4.88E-02		6.50E-09	https://doi.org/10.1038/s41588-018-0142-116
PRCA	1.00E+01	1.13E+08	C	G	3.92E-02		4.80E-08	https://doi.org/10.1038/s41588-018-0142-117
PRCA	1.10E+01	1.49E+06	T	C	5.83E-02		7.40E-09	https://doi.org/10.1038/s41588-018-0142-118
PRCA	1.10E+01	7.53E+06	A	G	6.77E-02		6.60E-09	https://doi.org/10.1038/s41588-018-0142-119
PRCA	1.10E+01	4.74E+07	CGG	C	4.88E-02		3.40E-08	https://doi.org/10.1038/s41588-018-0142-120
PRCA	1.10E+01	6.21E+07	C	T	5.83E-02		3.00E-10	https://doi.org/10.1038/s41588-018-0142-121
PRCA	1.10E+01	6.72E+07	C	G	1.13E-01		7.80E-09	https://doi.org/10.1038/s41588-018-0142-122
PRCA	1.10E+01	7.65E+07	AC	A	5.83E-02		7.40E-13	https://doi.org/10.1038/s41588-018-0142-123
PRCA	1.10E+01	1.08E+08	G	C	1.48E-01		8.10E-09	https://doi.org/10.1038/s41588-018-0142-124
PRCA	1.10E+01	1.25E+08	T	C	2.78E-01		2.00E-11	https://doi.org/10.1038/s41588-018-0142-125
PRCA	1.10E+01	1.34E+08	G	A	6.77E-02		4.80E-08	https://doi.org/10.1038/s41588-018-0142-126
PRCA	1.20E+01	1.27E+07	T	G	5.83E-02		2.30E-09	https://doi.org/10.1038/s41588-018-0142-127
PRCA	1.20E+01	1.43E+07	G	A	5.83E-02		9.80E-13	https://doi.org/10.1038/s41588-018-0142-128
PRCA	1.20E+01	6.46E+07	T	C	5.83E-02		3.40E-12	https://doi.org/10.1038/s41588-018-0142-129
PRCA	1.20E+01	8.98E+07	GA	G	5.83E-02		7.00E-12	https://doi.org/10.1038/s41588-018-0142-130
PRCA	1.20E+01	1.32E+08	G	A	4.88E-02		9.50E-10	https://doi.org/10.1038/s41588-018-0142-131
PRCA	1.40E+01	2.28E+07	T	C	4.88E-02		1.50E-08	https://doi.org/10.1038/s41588-018-0142-132
PRCA	1.40E+01	3.67E+07	C	G	5.83E-02		2.30E-12	https://doi.org/10.1038/s41588-018-0142-133
PRCA	1.50E+01	4.06E+07	C	G	5.83E-02		1.30E-08	https://doi.org/10.1038/s41588-018-0142-134
PRCA	1.50E+01	5.61E+07	A	G	1.74E-01		1.10E-08	https://doi.org/10.1038/s41588-018-0142-135
PRCA	1.50E+01	6.65E+07	CA	C	-5.83E-02		3.50E-10	https://doi.org/10.1038/s41588-018-0142-136
PRCA	1.60E+01	5.76E+07	C	T	1.48E-01		1.80E-11	https://doi.org/10.1038/s41588-018-0142-137
PRCA	1.60E+01	8.21E+07	TA	T	4.88E-02		9.10E-09	https://doi.org/10.1038/s41588-018-0142-138
PRCA	1.70E+01	7.90E+06	C	T	1.48E-01		1.00E-16	https://doi.org/10.1038/s41588-018-0142-139
PRCA	1.70E+01	3.18E+07	C	T	6.77E-02		3.20E-10	https://doi.org/10.1038/s41588-018-0142-140
PRCA	1.70E+01	5.84E+07	G	A	4.88E-02		1.60E-08	https://doi.org/10.1038/s41588-018-0142-141
PRCA	1.80E+01	5.42E+07	C	G	4.88E-02		2.30E-08	https://doi.org/10.1038/s41588-018-0142-142
PRCA	1.80E+01	5.56E+07	C	T	7.70E-02		2.80E-08	https://doi.org/10.1038/s41588-018-0142-143
PRCA	1.80E+01	5.91E+07	T	G	4.88E-02		7.70E-09	https://doi.org/10.1038/s41588-018-0142-144
PRCA	1.80E+01	6.33E+07	CT	C	4.88E-02		1.20E-08	https://doi.org/10.1038/s41588-018-0142-145
PRCA	1.80E+01	7.53E+07	T	C	4.88E-02		3.50E-08	https://doi.org/10.1038/s41588-018-0142-146
PRCA	1.90E+01	1.71E+07	C	T	4.88E-02		8.20E-09	https://doi.org/10.1038/s41588-018-0142-147
PRCA	1.90E+01	3.17E+07	G	C	8.62E-02		7.30E-09	https://doi.org/10.1038/s41588-018-0142-148
PRCA	1.90E+01	4.22E+07	T	C	5.83E-02		8.80E-09	https://doi.org/10.1038/s41588-018-0142-149
PRCA	2.00E+01	3.28E+07	C	CA	4.88E-02		3.20E-08	https://doi.org/10.1038/s41588-018-0142-150
PRCA	2.00E+01	5.38E+07	G	A	6.77E-02		6.40E-18	https://doi.org/10.1038/s41588-018-0142-151
PRCA	2.20E+01	2.85E+07	A	G	1.31E-01		2.40E-08	https://doi.org/10.1038/s41588-018-0142-152
PRCA	2.30E+01	1.15E+07	C	T	6.77E-02		2.10E-13	https://doi.org/10.1038/s41588-018-0142-153
