trait	#chrom	pos	alt	ref	beta	se	pval	study_doi	notes
G6_MS	3	159973324	G	A	0.1043600153		1.10E-18	10.1038/ng.2770	
G6_MS	8	78663569	A	G	0.1043600153		8.50E-17	10.1038/ng.2770	
G6_MS	19	6668961	G	A	0.1484200051		1.70E-24	10.1038/ng.2770	MK fixed alleles
G6_MS	12	9753094	G	A	0.08617769624		5.60E-13	10.1038/ng.2770	
G6_MS	6	135418217	A	C	0.1133286853		1.80E-20	10.1038/ng.2770	
G6_MS	3	119503609	G	C	0.1570037488		1.40E-23	10.1038/ng.2770	MK fixed alleles
G6_MS	19	18175134	G	A	0.1397619424		1.90E-24	10.1038/ng.2770	
G6_MS	1	85449500	A	G	0.08617769624		4.40E-09	10.1038/ng.2770	
G6_MS	3	18744093	C	G	0.07696104114		1.10E-08	10.1038/ng.2770	
G6_MS	1	85281310	A	G	0.1906203596		1.10E-20	10.1038/ng.2770	
G6_MS	14	102797451	A	G	0.08617769624		5.10E-13	10.1038/ng.2770	
G6_MS	16	79076699	A	G	0.07696104114		3.30E-11	10.1038/ng.2770	
G6_MS	12	6394334	C	G	0.1133286853		7.20E-14	10.1038/ng.2770	
G6_MS	16	11100914	G	A	0.1823215568		6.40E-46	10.1038/ng.2770	
G6_MS	17	39756124	A	G	0.06765864847		2.90E-09	10.1038/ng.2770	
G6_MS	1	192572342	G	C	0.1397619424		4.80E-20	10.1038/ng.2770	MK fixed alleles
G6_MS	6	137131771	G	A	0.1310282624		1.60E-23	10.1038/ng.2770	
G6_MS	6	14719265	A	G	0.0953101798		1.00E-10	10.1038/ng.2770	
G6_MS	20	49822224	A	T	0.06765864847		4.20E-08	10.1038/ng.2770	
G6_MS	10	79288854	T	C	0.0953101798		2.50E-15	10.1038/ng.2770	MK fixed alleles
G6_MS	12	6330843	G	A	0.1310282624		6.70E-28	10.1038/ng.2770	
G6_MS	3	28037080	A	C	0.1397619424		1.90E-32	10.1038/ng.2770	
G6_MS	7	3073400	A	G	0.07696104114		1.20E-10	10.1038/ng.2770	
G6_MS	19	16394295	G	A	0.0953101798		2.00E-15	10.1038/ng.2770	
G6_MS	16	68652002	A	G	0.0953101798		1.30E-08	10.1038/ng.2770	
G6_MS	3	121824730	C	A	0.1133286853		6.50E-22	10.1038/ng.2770	
G6_MS	12	57788279	A	T	0.1222176327		9.00E-22	10.1038/ng.2770	
G6_MS	7	50285971	G	A	0.0953101798		1.20E-11	10.1038/ng.2770	
G6_MS	1	157800451	G	A	0.07696104114		1.50E-10	10.1038/ng.2770	
G6_MS	10	6057082	A	G	0.1988508587		2.30E-47	10.1038/ng.2770	
G6_MS	6	159049527	T	A	0.1133286853		8.00E-21	10.1038/ng.2770	
G6_MS	2	43134117	A	G	0.1133286853		2.10E-16	10.1038/ng.2770	
G6_MS	14	68794755	A	G	0.07696104114		2.50E-12	10.1038/ng.2770	
G6_MS	20	54174979	G	A	0.08617769624		2.00E-13	10.1038/ng.2770	
G6_MS	3	122051692	C	A	0.1222176327		1.20E-24	10.1038/ng.2770	
G6_MS	20	63742630	A	G	0.08617769624		3.50E-09	10.1038/ng.2770	
G6_MS	22	21776836	C	A	0.0953101798		5.50E-16	10.1038/ng.2770	
G6_MS	19	10631494	G	A	0.0953101798		1.60E-11	10.1038/ng.2770	
G6_MS	3	27715527	A	C	0.0953101798		1.50E-15	10.1038/ng.2770	
G6_MS	8	127180736	G	A	0.07696104114		1.80E-09	10.1038/ng.2770	
G6_MS	10	73898591	A	C	0.06765864847		4.60E-08	10.1038/ng.2770	
G6_MS	4	105252042	C	A	0.06765864847		3.90E-08	10.1038/ng.2770	
G6_MS	1	6470129	A	G	0.1043600153		4.70E-10	10.1038/ng.2770	
G6_MS	11	61025858	A	G	0.1222176327		3.70E-23	10.1038/ng.2770	
G6_MS	19	10352442	C	G	0.2546422184		1.80E-14	10.1038/ng.2770	
G6_MS	16	85960878	G	A	0.1397619424		5.90E-12	10.1038/ng.2770	MK fixed alleles
G6_MS	1	160742014	A	T	0.08617769624		4.40E-11	10.1038/ng.2770	
G6_MS	5	142119476	C	T	0.06765864847		3.60E-09	10.1038/ng.2770	MK fixed alleles
G6_MS	1	2594226	A	G	0.1310282624		1.30E-26	10.1038/ng.2770	
G6_MS	1	92509907	A	G	0.1739533071		1.40E-26	10.1038/ng.2770	
G6_MS	8	127802783	G	A	0.1043600153		4.30E-16	10.1038/ng.2770	
G6_MS	2	24794991	G	A	0.07696104114		3.10E-09	10.1038/ng.2770	
G6_MS	3	32971991	G	A	0.06765864847		2.20E-09	10.1038/ng.2770	
G6_MS	13	99434005	A	G	0.0953101798		1.30E-10	10.1038/ng.2770	
G6_MS	16	11194949	A	G	0.08617769624		4.40E-10	10.1038/ng.2770	
G6_MS	17	47519732	A	G	0.08617769624		1.00E-13	10.1038/ng.2770	
G6_MS	17	42378745	A	G	0.1133286853		3.70E-20	10.1038/ng.2770	
G6_MS	20	46119308	A	C	0.1043600153		7.70E-16	10.1038/ng.2770	
G6_MS	5	177361569	G	A	0.1133286853		4.40E-18	10.1038/ng.2770	
G6_MS	11	118885029	A	G	0.0953101798		6.20E-15	10.1038/ng.2770	
G6_MS	11	118696037	G	C	0.08617769624		7.60E-11	10.1038/ng.2770	
G6_MS	1	200905600	A	G	0.1222176327		4.00E-19	10.1038/ng.2770	
G6_MS	15	78915124	A	G	0.08617769624		1.20E-08	10.1038/ng.2770	
G6_MS	7	37342861	C	A	0.1397619424		6.00E-14	10.1038/ng.2770	
G6_MS	16	11342133	G	A	0.1397619424		7.40E-18	10.1038/ng.2770	
G6_MS	1	119716347	G	A	0.07696104114		6.00E-12	10.1038/ng.2770	
G6_MS	1	116537544	A	C	0.2546422184		5.40E-42	10.1038/ng.2770	
G6_MS	6	137923679	A	G	0.1043600153		5.50E-13	10.1038/ng.2770	
G6_MS	5	40398994	G	A	0.1133286853		8.10E-20	10.1038/ng.2770	
G6_MS	5	35879054	C	A	0.1133286853		4.30E-17	10.1038/ng.2770	
G6_MS	11	64329761	A	G	0.06765864847		2.00E-09	10.1038/ng.2770	
G6_MS	7	26975369	C	A	0.0953101798		1.10E-09	10.1038/ng.2770	
G6_MS	11	47680843	G	A	0.0953101798		1.00E-09	10.1038/ng.2770	
G6_MS	12	123108835	A	G	0.1133286853		1.90E-13	10.1038/ng.2770	
G6_MS	5	56144903	G	A	0.1043600153		3.40E-13	10.1038/ng.2770	
G6_MS	16	79615497	A	G	0.08617769624		1.00E-10	10.1038/ng.2770	
G6_MS	16	30145642	G	A	0.08617769624		1.60E-11	10.1038/ng.2770	
G6_MS	6	90267049	A	G	0.1310282624		1.50E-15	10.1038/ng.2770	
G6_MS	14	87965984	C	A	0.2776317366		2.40E-20	10.1038/ng.2770	
G6_MS	1	100775337	A	G	0.0953101798		1.90E-16	10.1038/ng.2770	
G6_MS	5	134110884	A	G	0.1133286853		8.80E-11	10.1038/ng.2770	
G6_MS	2	68360345	A	G	0.0953101798		1.20E-13	10.1038/ng.2770	
G6_MS	8	128146699	C	A	0.07696104114		5.00E-10	10.1038/ng.2770	
G6_MS	4	102630446	G	A	0.08617769624		1.00E-08	10.1038/ng.2770	
G6_MS	6	137641518	G	A	0.07696104114		3.30E-09	10.1038/ng.2770	
G6_MS	10	92722160	G	A	0.1043600153		4.30E-17	10.1038/ng.2770	
G6_MS	10	31126177	A	G	0.07696104114		6.10E-12	10.1038/ng.2770	
G6_MS	15	90434101	A	C	0.06765864847		2.20E-09	10.1038/ng.2770	MK fixed alleles
G6_MS	17	59739396	A	G	0.1133286853		2.20E-23	10.1038/ng.2770	
G6_MS	19	49367386	G	A	0.1043600153		5.70E-15	10.1038/ng.2770	
G6_MS	2	60868110	A	G	0.0953101798		2.00E-14	10.1038/ng.2770	
G6_MS	7	28133120	C	A	0.08617769624		3.30E-09	10.1038/ng.2770	
G6_MS	6	36407527	G	A	0.1043600153		3.90E-12	10.1038/ng.2770	
G6_MS	11	118854185	T	A	0.0953101798		3.00E-15	10.1038/ng.2770	
G6_MS	3	71481195	G	C	0.07696104114		1.90E-10	10.1038/ng.2770	
G6_MS	2	191109709	G	A	0.08617769624		3.50E-12	10.1038/ng.2770	
G6_MS	2	230250739	C	G	0.1484200051		4.20E-23	10.1038/ng.2770	