trait	#chrom	pos	alt	ref	beta	se	pval	study_doi	rsid	gene	notes
H7_AMD	4	109737911	T	C	0.139761942375159		5.4E-17	10.1038/ng.3448	rs10033900	CFI	
H7_AMD	9	74002804	T	G	0.104360015324243		2.6E-09	10.1038/ng.3448	rs10781182	MIR6130-RORB	
H7_AMD	1	196735502	A	C	-0.967584026261706		1E-100	10.1038/ng.3448	rs10922109	CFH	
H7_AMD	17	28322698	A	C	-0.094310679471241		1E-08	10.1038/ng.3448	rs11080055	TMEM97-VTN	
H7_AMD	5	35494346	A	G	-0.356674943938732		2.1E-08	10.1038/ng.3448	rs114092250	PRLR-SPEF2	
H7_AMD	7	105115879	T	C	0.104360015324243		1.4E-09	10.1038/ng.3448	rs1142	KMT2E-SRPK2	
H7_AMD	6	31962685	A	G	-0.562118918153541		1.2E-103	10.1038/ng.3448	rs116503776	C2-CFB-SKIV2L	
H7_AMD	2	227222204	T	C	-0.105360515657826		2.9E-08	10.1038/ng.3448	rs11884770	COL4A3	
H7_AMD	10	24710664	A	G	0.104360015324243		4.4E-08	10.1038/ng.3448	rs12357257	ARHGAP21	
H7_AMD	3	99461824	C	T	0.46373401623214		1.4E-11	10.1038/ng.3448	rs140647181	COL8A1	
H7_AMD	20	45986352	T	TTTTC	-0.162518929497775		2.4E-10	10.1038/ng.3448	rs142450006	MMP9	
H7_AMD	9	99161090	A	G	-0.127833371509885		3.8E-10	10.1038/ng.3448	rs1626340	TGFBR1	
H7_AMD	20	58078668	TA	T	-0.27443684570176		3.1E-16	10.1038/ng.3448	rs201459901	C20orf85	
H7_AMD	15	58388755	C	T			4.3E-15	10.1038/ng.3448	rs2043085	LIPC	beta (-0.139262067333508 ) redacted due to it being in exactly different direction in released summary stats vs in article: http://csg.sph.umich.edu/abecasis/public/amd2015/Fritsche_2015_AdvancedAMD.txt.gz
H7_AMD	19	6718376	G	C	0.357674444271816		3.8E-69	10.1038/ng.3448	rs2230199	C3	
H7_AMD	9	104899461	C	A	-0.105360515657826		1.2E-08	10.1038/ng.3448	rs2740488	ABCA1	
H7_AMD	12	55721994	A	C	0.148420005118273		4.3E-09	10.1038/ng.3448	rs3138141	RDH5-CD63	
H7_AMD	10	122456049	C	T	1.03318448334565		1E-100	10.1038/ng.3448	rs3750846	ARMS2-HTRA1	
H7_AMD	19	44908684	C	T	-0.356674943938732		2.4E-42	10.1038/ng.3448	rs429358	APOE	
H7_AMD	22	32709831	C	T	-0.261364764134407		1.1E-24	10.1038/ng.3448	rs5754227	SYN3-TIMP3	
H7_AMD	16	56963437	CA	C	-0.174353387144778		3.6E-19	10.1038/ng.3448	rs5817082	CETP	
H7_AMD	12	111694806	A	G	0.412109650826833		1.1E-09	10.1038/ng.3448	rs61941274	ACAD10	
H7_AMD	14	68302482	C	T	-0.105360515657826		1.6E-10	10.1038/ng.3448	rs61985136	RAD51B	
H7_AMD	3	64729479	C	T	0.131028262406404		1.8E-14	10.1038/ng.3448	rs62247658	ADAMTS9-AS2	
H7_AMD	5	39327786	T	G	0.587786664902119		1.3E-14	10.1038/ng.3448	rs62358361	C9	
H7_AMD	17	81559795	T	C	0.122217632724249		1.5E-11	10.1038/ng.3448	rs6565597	NPLOC4-TSPAN10	
H7_AMD	19	1031439	T	C	-0.105360515657826		2.6E-08	10.1038/ng.3448	rs67538026	CNN2	
H7_AMD	9	70823689	G	GC	0.095310179804325		3E-08	10.1038/ng.3448	rs71507014	TRPM3	
H7_AMD	16	75200974	A	C	-0.23572233352107		5E-12	10.1038/ng.3448	rs72802342	CTRB2-CTRB1	
H7_AMD	7	100393925	T	C	0.122217632724249		4.8E-09	10.1038/ng.3448	rs7803454	PILRB-PILRA	
H7_AMD	8	23225458	G	T	-0.105360515657826		4.5E-11	10.1038/ng.3448	rs79037040	TNFRSF10A	
H7_AMD	22	38080269	T	C	0.131028262406404		5.5E-11	10.1038/ng.3448	rs8135665	SLC16A8	
H7_AMD	6	43858890	C	T	-0.127833371509885		1.1E-14	10.1038/ng.3448	rs943080	VEGFA	
H7_AMD	13	31247103	T	C	-0.116533816255952		3.3E-10	10.1038/ng.3448	rs9564692	B3GALTL	
