trait	X.chrom	pos	alt	ref	beta	se	pval	study_doi
M13_ANKYLOSPON	1	24978623	T	C	-0.186329578191493	NA	8.84e-29	10.1038/ng.3528
M13_ANKYLOSPON	1	67242472	T	G	-0.507497833673315	NA	1.24e-143	10.1038/ng.3528
M13_ANKYLOSPON	1	67256884	A	C	0.151862349309247	NA	1.55e-24	10.1038/ng.3528
M13_ANKYLOSPON	1	154453788	T	C	-0.164874643190234	NA	9.22e-18	10.1038/ng.3528
M13_ANKYLOSPON	1	200909599	A	G	-0.185125484126689	NA	4.64e-41	10.1038/ng.3528
M13_ANKYLOSPON	2	9262859	G	A	0.108854404912083	NA	9.27e-10	10.1038/ng.3528
M13_ANKYLOSPON	2	62333197	A	G	0.274596832903126	NA	1.61e-52	10.1038/ng.3528
M13_ANKYLOSPON	2	102030838	A	G	-0.132389188045745	NA	1.47e-14	10.1038/ng.3528
M13_ANKYLOSPON	2	102154822	A	T	-0.142716302201596	NA	1.41e-09	10.1038/ng.3528
M13_ANKYLOSPON	2	203843048	I	D	0.130150684465044	NA	2.61e-12	10.1038/ng.3528
M13_ANKYLOSPON	2	240630275	T	C	0.164666621555234	NA	1.82e-25	10.1038/ng.3528
M13_ANKYLOSPON	3	28244770	T	C	-0.134674903326602	NA	4.11e-07	10.1038/ng.3528
M13_ANKYLOSPON	3	137722530	C	T	0.133656384812674	NA	8.23e-09	10.1038/ng.3528
M13_ANKYLOSPON	4	79966815	A	G	-0.108699416923341	NA	2.1e-08	10.1038/ng.3528
M13_ANKYLOSPON	4	102513096	C	T	0.113328685307004	NA	1.84e-18	10.1038/ng.3528
M13_ANKYLOSPON	5	10521556	G	T	0.107957141505092	NA	4.38e-08	10.1038/ng.3528
M13_ANKYLOSPON	5	96786011	C	T	0.288931291852213	NA	5.79e-54	10.1038/ng.3528
M13_ANKYLOSPON	5	96839226	T	C	-0.142716302201596	NA	3.59e-12	10.1038/ng.3528
M13_ANKYLOSPON	5	96916885	C	T	0.193920692637307	NA	2.17e-21	10.1038/ng.3528
M13_ANKYLOSPON	5	159400761	A	C	0.11955923505764	NA	2.91e-43	10.1038/ng.3528
M13_ANKYLOSPON	6	20643496	G	A	-0.130108685347022	NA	1.12e-17	10.1038/ng.3528
M13_ANKYLOSPON	6	167001915	C	CT	0.186479566942618	NA	8.92e-25	10.1038/ng.3528
M13_ANKYLOSPON	7	17157947	C	T	0.109750863959119	NA	9.13e-09	10.1038/ng.3528
M13_ANKYLOSPON	10	79282718	A	G	-0.114289146402128	NA	2.35e-22	10.1038/ng.3528
M13_ANKYLOSPON	10	88990206	G	A	-0.112049503808622	NA	4.29e-09	10.1038/ng.3528
M13_ANKYLOSPON	10	99523573	C	A	0.100749903100144	NA	6.09e-51	10.1038/ng.3528
M13_ANKYLOSPON	11	110085620	C	T	0.209450224182208	NA	7.51e-12	10.1038/ng.3528
M13_ANKYLOSPON	11	128324555	T	G	0.108854404912083	NA	1.3e-10	10.1038/ng.3528
M13_ANKYLOSPON	12	6337611	A	G	-0.161343150408763	NA	3.09e-17	10.1038/ng.3528
M13_ANKYLOSPON	12	6393576	A	G	0.1016536537265	NA	2.67e-14	10.1038/ng.3528
M13_ANKYLOSPON	14	88022477	C	T	0.209450224182208	NA	2.11e-17	10.1038/ng.3528
M13_ANKYLOSPON	16	28506388	C	T	0.118671529717498	NA	2.9e-29	10.1038/ng.3528
M13_ANKYLOSPON	16	30159694	D	I	0.206200830583898	NA	3.58e-30	10.1038/ng.3528
M13_ANKYLOSPON	17	27770105	C	T	0.129272335704138	NA	1.44e-10	10.1038/ng.3528
M13_ANKYLOSPON	17	27810514	C	T	0.105260510657494	NA	1.22e-07	10.1038/ng.3528
M13_ANKYLOSPON	17	47612985	A	T	0.140631129739746	NA	2.3e-14	10.1038/ng.3528
M13_ANKYLOSPON	17	64069832	G	C	0.131028262406405	NA	8.28e-10	10.1038/ng.3528
M13_ANKYLOSPON	21	39091357	A	G	-0.192371892647456	NA	5.17e-54	10.1038/ng.3528
M13_ANKYLOSPON	22	45331684	G	T	-0.134674903326602	NA	6.1e-10	10.1038/ng.3528
