trait	#chrom	pos	alt	ref	beta	se	pval	study_doi	rsid	notes
T2D	1	6612669	C	A	0.037	0.004	1.31E-19	10.1038/s41588-020-0637-y	rs11583755	
T2D	1	11257875	C	T	0.030	0.005	2.86E-11	10.1038/s41588-020-0637-y	rs7554251	
T2D	1	20380660	G	A	-0.034	0.005	1.58E-13	10.1038/s41588-020-0637-y	rs10916780	
T2D	1	26069574	G	A	-0.031	0.005	6.74E-10	10.1038/s41588-020-0637-y	rs9438610	
T2D	1	26958422	C	T	-0.087	0.015	4.90E-09	10.1038/s41588-020-0637-y	rs79598313	
T2D	1	28734386	C	T	0.026	0.004	1.11E-10	10.1038/s41588-020-0637-y	rs3753693	
T2D	1	63641613	C	T	0.036	0.005	3.40E-13	10.1038/s41588-020-0637-y	rs2269247	
T2D	1	65524195	C	A	-0.038	0.006	2.05E-09	10.1038/s41588-020-0637-y	rs10889560	
T2D	1	66544971	C	A	0.026	0.004	1.68E-10	10.1038/s41588-020-0637-y	rs4655617	
T2D	1	72285869	G	A	-0.036	0.005	1.04E-11	10.1038/s41588-020-0637-y	rs2613499	
T2D	1	111747361	C	T	-0.022	0.004	7.76E-09	10.1038/s41588-020-0637-y	rs197374	
T2D	1	117626841	G	A	-0.035	0.004	7.43E-17	10.1038/s41588-020-0637-y	rs2282456	
T2D	1	149919476	G	C	0.053	0.008	2.90E-10	10.1038/s41588-020-0637-y	rs72692804	
T2D	1	155299985	G	A	0.029	0.004	7.29E-12	10.1038/s41588-020-0637-y	rs3020781	
T2D	1	172399170	G	A	-0.026	0.004	2.00E-10	10.1038/s41588-020-0637-y	rs7546252	
T2D	1	201880798	G	A	-0.032	0.005	8.48E-12	10.1038/s41588-020-0637-y	rs41304257	
T2D	1	205820327	T	A	0.029	0.005	1.69E-08	10.1038/s41588-020-0637-y	rs7538321	
T2D	2	18526607	G	A	-0.025	0.004	3.03E-09	10.1038/s41588-020-0637-y	rs11096542	
T2D	2	25969933	C	T	-0.067	0.012	6.07E-09	10.1038/s41588-020-0637-y	rs72803684	
T2D	2	99982264	G	A	0.067	0.012	1.04E-08	10.1038/s41588-020-0637-y	rs34506349	
T2D	2	104549216	G	A	-0.024	0.004	3.84E-08	10.1038/s41588-020-0637-y	rs10469860	
T2D	2	112065537	C	T	-0.036	0.006	2.88E-09	10.1038/s41588-020-0637-y	rs74677818	
T2D	2	145593156	G	A	0.028	0.004	1.46E-13	10.1038/s41588-020-0637-y	rs6716394	
T2D	2	151342084	C	T	-0.026	0.004	2.39E-12	10.1038/s41588-020-0637-y	rs3845843	
T2D	2	165754317	C	T	0.027	0.004	5.66E-12	10.1038/s41588-020-0637-y	rs13406280	
T2D	2	174332817	C	A	0.027	0.005	1.12E-08	10.1038/s41588-020-0637-y	rs12992995	
T2D	2	178786227	G	A	0.023	0.004	1.17E-08	10.1038/s41588-020-0637-y	rs6715901	
T2D	2	180753927	G	A	-0.032	0.004	6.52E-15	10.1038/s41588-020-0637-y	rs6741676	
T2D	2	202370416	G	A	-0.040	0.006	6.29E-11	10.1038/s41588-020-0637-y	rs6714523	
T2D	2	208005293	G	A	-0.026	0.004	1.44E-10	10.1038/s41588-020-0637-y	rs34329895	
T2D	2	211410212	G	A	-0.025	0.004	6.50E-09	10.1038/s41588-020-0637-y	rs3828242	
T2D	2	212964997	C	T	-0.027	0.005	1.65E-09	10.1038/s41588-020-0637-y	rs4673712	
T2D	3	9472332	G	A	-0.037	0.005	9.76E-12	10.1038/s41588-020-0637-y	rs3872707	
T2D	3	15664617	G	A	0.026	0.004	1.15E-11	10.1038/s41588-020-0637-y	rs924753	
T2D	3	35628658	G	A	-0.025	0.004	1.22E-09	10.1038/s41588-020-0637-y	rs1470560	
T2D	3	71599717	T	A	0.024	0.004	2.72E-08	10.1038/s41588-020-0637-y	rs853866	
T2D	3	86707721	G	T	-0.027	0.004	1.59E-11	10.1038/s41588-020-0637-y	rs6549112	
T2D	3	115344825	C	T	0.034	0.005	1.52E-12	10.1038/s41588-020-0637-y	rs7645613	
T2D	3	132032000	G	A	-0.027	0.004	2.17E-10	10.1038/s41588-020-0637-y	rs9857204	
T2D	3	136350630	G	T	-0.032	0.005	5.83E-13	10.1038/s41588-020-0637-y	rs667920	
T2D	3	138336294	C	T	0.028	0.004	8.12E-12	10.1038/s41588-020-0637-y	rs6766859	
T2D	3	141382997	C	A	-0.083	0.010	8.89E-16	10.1038/s41588-020-0637-y	rs56243018	
T2D	3	149503776	C	T	0.025	0.004	6.10E-11	10.1038/s41588-020-0637-y	rs28712435	
T2D	3	160435517	G	A	-0.031	0.004	8.19E-14	10.1038/s41588-020-0637-y	rs7629	
T2D	3	173389653	C	T	0.025	0.004	2.01E-11	10.1038/s41588-020-0637-y	rs247975	
T2D	3	185164227	G	A	-0.031	0.005	5.05E-11	10.1038/s41588-020-0637-y	rs61579137	
T2D	3	196104366	C	T	0.032	0.004	5.44E-14	10.1038/s41588-020-0637-y	rs9872347	
T2D	4	20263912	C	T	-0.023	0.004	9.52E-09	10.1038/s41588-020-0637-y	rs7664347	
T2D	4	49065306	G	A	-0.028	0.004	6.89E-12	10.1038/s41588-020-0637-y	rs2605281	
T2D	4	75571607	G	A	0.029	0.004	5.64E-11	10.1038/s41588-020-0637-y	rs6835992	
T2D	4	76096527	C	T	-0.025	0.004	9.95E-09	10.1038/s41588-020-0637-y	rs4440243	
T2D	4	76612786	G	A	-0.025	0.004	1.47E-08	10.1038/s41588-020-0637-y	rs56281442	
T2D	4	95193234	G	A	-0.027	0.004	5.56E-11	10.1038/s41588-020-0637-y	rs3755879	
T2D	4	105127134	C	T	0.036	0.005	1.53E-13	10.1038/s41588-020-0637-y	rs17035289	
T2D	4	128103118	C	T	-0.027	0.005	9.42E-09	10.1038/s41588-020-0637-y	rs4834232	
T2D	4	139985236	C	T	-0.029	0.004	1.83E-12	10.1038/s41588-020-0637-y	rs12505942	
T2D	4	144691401	T	A	-0.030	0.005	2.08E-10	10.1038/s41588-020-0637-y	rs200995462	
T2D	4	185658908	G	A	-0.033	0.005	2.60E-10	10.1038/s41588-020-0637-y	rs35901985	
T2D	5	36084324	C	T	0.063	0.011	2.81E-08	10.1038/s41588-020-0637-y	rs114136102	
T2D	5	88401716	C	T	0.029	0.005	6.32E-09	10.1038/s41588-020-0637-y	rs6870983	
T2D	5	138095812	C	T	0.021	0.004	1.36E-08	10.1038/s41588-020-0637-y	rs217256	
T2D	6	15474820	T	A	-0.029	0.005	6.68E-11	10.1038/s41588-020-0637-y	rs727734	
T2D	6	19751285	C	T	0.022	0.004	1.01E-08	10.1038/s41588-020-0637-y	rs10806906	
T2D	6	33584930	C	A	-0.036	0.005	2.40E-13	10.1038/s41588-020-0637-y	rs75080135	
T2D	6	111417590	C	T	-0.030	0.005	1.32E-09	10.1038/s41588-020-0637-y	rs55812705	
T2D	6	125740356	G	A	-0.023	0.004	3.69E-09	10.1038/s41588-020-0637-y	rs7758115	
T2D	6	142735419	C	T	-0.031	0.004	5.00E-14	10.1038/s41588-020-0637-y	rs9390022	
T2D	6	153119635	G	T	-0.032	0.004	4.63E-16	10.1038/s41588-020-0637-y	rs7758002	
T2D	7	4643941	G	A	-0.035	0.006	1.71E-09	10.1038/s41588-020-0637-y	rs62452060	
T2D	7	12229967	C	A	-0.028	0.004	1.99E-13	10.1038/s41588-020-0637-y	rs13237518	
T2D	7	15886603	C	T	-0.029	0.005	1.51E-09	10.1038/s41588-020-0637-y	rs38221	
T2D	7	18292292	G	A	-0.031	0.004	7.78E-13	10.1038/s41588-020-0637-y	rs583769	
T2D	7	40777054	C	T	-0.039	0.007	3.74E-09	10.1038/s41588-020-0637-y	rs17439448	
T2D	7	48799407	G	A	0.029	0.005	8.57E-11	10.1038/s41588-020-0637-y	rs12539264	
T2D	7	50510270	C	T	0.026	0.004	7.40E-10	10.1038/s41588-020-0637-y	rs73121277	
T2D	7	74662156	G	A	0.025	0.004	1.72E-09	10.1038/s41588-020-0637-y	rs13238568	
T2D	7	90174320	C	T	0.028	0.004	9.55E-14	10.1038/s41588-020-0637-y	rs6956980	
T2D	7	100715797	G	A	0.041	0.006	1.51E-10	10.1038/s41588-020-0637-y	rs506597	
T2D	8	12785546	G	T	-0.025	0.004	2.18E-10	10.1038/s41588-020-0637-y	rs12056338	
T2D	8	14291481	C	A	0.025	0.004	9.65E-10	10.1038/s41588-020-0637-y	rs35753840	
T2D	8	22634590	G	T	-0.025	0.004	7.26E-10	10.1038/s41588-020-0637-y	rs6558173	
T2D	8	26014205	G	T	0.032	0.005	9.00E-10	10.1038/s41588-020-0637-y	rs11998023	
T2D	8	56583505	G	A	-0.030	0.004	5.12E-12	10.1038/s41588-020-0637-y	rs3887059	
T2D	8	104650145	G	A	-0.056	0.009	3.18E-11	10.1038/s41588-020-0637-y	rs112515915	
T2D	8	115553138	C	T	-0.036	0.004	1.07E-19	10.1038/s41588-020-0637-y	rs3802219	
T2D	9	1033773	G	C	0.028	0.004	7.06E-12	10.1038/s41588-020-0637-y	rs1567353	
T2D	9	23358497	G	A	-0.027	0.004	1.47E-12	10.1038/s41588-020-0637-y	rs7029718	
T2D	9	82697160	G	C	0.027	0.004	5.18E-12	10.1038/s41588-020-0637-y	rs654629	
T2D	9	109175988	G	A	0.028	0.005	1.76E-09	10.1038/s41588-020-0637-y	rs10119430	
T2D	9	114181077	G	A	0.029	0.005	1.99E-10	10.1038/s41588-020-0637-y	rs1431819	
T2D	9	122927415	C	T	0.036	0.005	2.41E-12	10.1038/s41588-020-0637-y	rs10818763	
T2D	9	134025582	G	A	-0.028	0.004	4.80E-11	10.1038/s41588-020-0637-y	rs379417	
T2D	10	13498869	C	A	0.024	0.004	3.18E-09	10.1038/s41588-020-0637-y	rs11258422	
T2D	10	33708299	C	A	0.040	0.006	1.86E-10	10.1038/s41588-020-0637-y	rs71495046	
T2D	10	70888579	C	T	-0.029	0.005	2.53E-08	10.1038/s41588-020-0637-y	rs827237	
T2D	10	86357561	C	A	0.025	0.004	5.76E-11	10.1038/s41588-020-0637-y	rs11201992	
T2D	10	97331612	G	A	0.031	0.004	8.24E-16	10.1038/s41588-020-0637-y	rs945187	
T2D	10	102803986	G	C	-0.032	0.005	2.26E-12	10.1038/s41588-020-0637-y	rs2482506	
T2D	10	110918899	G	T	-0.031	0.004	1.28E-13	10.1038/s41588-020-0637-y	rs7895872	
T2D	11	8655516	C	A	0.035	0.004	1.87E-17	10.1038/s41588-020-0637-y	rs7941510	
T2D	11	9834468	C	T	-0.039	0.006	9.24E-11	10.1038/s41588-020-0637-y	rs76789970	
T2D	11	50151426	C	T	0.045	0.007	3.35E-12	10.1038/s41588-020-0637-y	rs11561066	
T2D	11	55820740	C	A	0.062	0.011	5.37E-09	10.1038/s41588-020-0637-y	rs116861182	
T2D	11	61798436	C	T	-0.028	0.004	2.39E-11	10.1038/s41588-020-0637-y	rs174541	
T2D	11	64333304	G	A	-0.023	0.004	3.48E-08	10.1038/s41588-020-0637-y	rs1662185	
T2D	11	76519313	C	A	-0.024	0.004	4.10E-10	10.1038/s41588-020-0637-y	rs2513505	
T2D	12	6582286	G	A	-0.032	0.005	3.33E-09	10.1038/s41588-020-0637-y	rs7316626	
T2D	12	21690642	C	T	0.029	0.005	3.98E-10	10.1038/s41588-020-0637-y	rs11046164	
T2D	12	33257920	G	T	0.030	0.004	1.36E-12	10.1038/s41588-020-0637-y	rs10844519	
T2D	12	41469591	C	T	-0.028	0.004	2.10E-13	10.1038/s41588-020-0637-y	rs2730827	
T2D	12	42652647	C	A	0.042	0.006	2.38E-12	10.1038/s41588-020-0637-y	rs11181613	
T2D	12	48319149	T	A	0.032	0.004	4.82E-14	10.1038/s41588-020-0637-y	rs2732469	
T2D	12	49869365	G	A	-0.030	0.004	7.44E-14	10.1038/s41588-020-0637-y	rs7132908	
T2D	12	54035601	G	A	0.024	0.004	3.14E-09	10.1038/s41588-020-0637-y	rs12422600	
T2D	12	132060098	C	T	-0.041	0.007	1.17E-08	10.1038/s41588-020-0637-y	rs11830241	
T2D	12	133153914	C	T	-0.026	0.004	2.77E-11	10.1038/s41588-020-0637-y	rs7970687	
T2D	13	22735243	C	T	0.036	0.005	2.84E-15	10.1038/s41588-020-0637-y	rs314879	
T2D	13	41114265	G	A	-0.028	0.004	1.07E-11	10.1038/s41588-020-0637-y	rs4397977	
T2D	14	34940495	T	A	0.028	0.005	3.90E-08	10.1038/s41588-020-0637-y	rs712315	
T2D	14	46834888	G	A	0.024	0.004	1.99E-09	10.1038/s41588-020-0637-y	rs723355	
T2D	14	58266030	G	A	0.029	0.005	1.03E-08	10.1038/s41588-020-0637-y	rs12892257	
T2D	14	68992512	C	A	0.039	0.006	3.58E-11	10.1038/s41588-020-0637-y	rs242105	
T2D	14	74465938	T	A	-0.023	0.004	6.41E-09	10.1038/s41588-020-0637-y	rs12586772	
T2D	14	76834520	C	T	0.026	0.004	5.16E-11	10.1038/s41588-020-0637-y	rs2056857	
T2D	14	100792247	C	T	0.073	0.010	1.42E-12	10.1038/s41588-020-0637-y	rs112324411	
T2D	14	102909694	C	T	-0.030	0.005	5.21E-11	10.1038/s41588-020-0637-y	rs4906272	
T2D	15	52295543	G	T	0.087	0.010	2.86E-18	10.1038/s41588-020-0637-y	rs149336329	
T2D	15	74036235	G	A	0.027	0.004	4.00E-13	10.1038/s41588-020-0637-y	rs9479	
T2D	15	82793121	G	A	0.030	0.005	1.35E-08	10.1038/s41588-020-0637-y	rs36111056	
T2D	15	98733292	G	T	-0.024	0.004	3.36E-09	10.1038/s41588-020-0637-y	rs59646751	
T2D	16	917241	G	A	0.031	0.005	4.57E-11	10.1038/s41588-020-0637-y	rs12918782	
T2D	16	15059860	C	T	-0.031	0.005	6.97E-10	10.1038/s41588-020-0637-y	rs9927842	
T2D	16	85682857	G	A	0.026	0.004	2.66E-11	10.1038/s41588-020-0637-y	rs11646052	
T2D	17	578364	C	T	-0.031	0.005	7.58E-09	10.1038/s41588-020-0637-y	rs11870735	
T2D	17	4951185	C	T	0.022	0.004	4.06E-08	10.1038/s41588-020-0637-y	rs366577	
T2D	17	29243604	G	A	0.026	0.004	5.42E-11	10.1038/s41588-020-0637-y	rs9913225	
T2D	17	36506381	C	T	0.022	0.004	6.11E-09	10.1038/s41588-020-0637-y	rs1109442	
T2D	17	39590054	C	T	-0.033	0.004	1.24E-14	10.1038/s41588-020-0637-y	rs11078916	
T2D	17	72648893	G	A	0.042	0.006	4.91E-11	10.1038/s41588-020-0637-y	rs61736066	
T2D	17	78776206	C	T	0.031	0.004	1.23E-15	10.1038/s41588-020-0637-y	rs7224711	
T2D	18	23503774	C	T	-0.033	0.004	2.04E-14	10.1038/s41588-020-0637-y	rs303760	
T2D	18	42486041	C	T	0.029	0.005	1.23E-09	10.1038/s41588-020-0637-y	rs410150	
T2D	18	76847043	C	T	-0.028	0.004	6.18E-13	10.1038/s41588-020-0637-y	rs6565922	
T2D	19	18723704	C	T	0.026	0.004	1.36E-09	10.1038/s41588-020-0637-y	rs10404726	
T2D	19	31375040	G	A	0.026	0.004	2.13E-11	10.1038/s41588-020-0637-y	rs2867570	
T2D	20	41203988	C	T	0.033	0.006	2.98E-09	10.1038/s41588-020-0637-y	rs17265513	
T2D	20	43602055	C	T	0.030	0.004	4.40E-12	10.1038/s41588-020-0637-y	rs6073143	
T2D	20	62645662	T	A	-0.031	0.004	3.17E-14	10.1038/s41588-020-0637-y	rs1815591	
T2D	22	28973410	C	A	0.027	0.004	7.74E-12	10.1038/s41588-020-0637-y	rs5762925	
T2D	22	38203760	G	C	0.021	0.004	3.61E-08	10.1038/s41588-020-0637-y	rs4820323	